,2017-10-24,8:45 PM
,2019-01-11,10:01 PM
,2020-05-27,10:36 PM
,2020-01-17,10:06 PM
,2016-03-06,8:05 PM
,2019-07-13,10:30 PM
,2018-10-23,8:05 PM
,2020-06-23,8:48 PM
,2020-05-20,9:57 PM
,2020-01-23,9:37 PM
,2017-03-10,8:12 PM
,2015-05-19,6:54 PM
,2015-06-16,9:15 PM
,2019-01-02,8:47 PM
,2020-06-08,6:34 PM
,2016-07-03,6:05 PM
,2015-06-08,10:19 PM
,2018-07-26,6:16 PM
,2016-08-10,9:13 PM
,2017-11-26,8:33 PM
,2015-05-14,7:32 PM
,2018-01-16,9:26 PM
,2017-07-13,10:16 PM
,2019-10-11,8:38 PM
,2019-12-09,8:14 PM
,2017-10-29,8:14 PM
,2018-07-04,6:41 PM
,2019-08-16,8:50 PM
,2015-06-26,8:53 PM
,2015-03-06,9:40 PM
